ConcreteCompressiveStrength,Cement, BlastFurnaceSlag, FlyAsh, Water, Superplasticizer, CoarseAggregate, FineAggregate, Age
13.71,252,0,0,185,0,1111,784,7
14.84,295.799988,0,0,185.699997,0,1091.400024,769.299988,7
21.780001,252.300003,0,98.800003,146.300003,14.2,987.799988,889,3
33.689999,172.399994,13.6,172.399994,156.800003,4.1,1006.299988,856.400024,28
30.65,162,214,164,202,10,820,680,28
55.25,446,24,79,162,11.6,967,712,56
59.759998,540,0,0,173,0,1125,613,14
12.46,154.800003,0,142.800003,193.300003,9.1,1047.400024,696.700012,28
51.720001,167.399994,129.899994,128.600006,175.5,7.8,1006.299988,746.599976,56
21.26,277,0,0,191,0,968,856,14
40.150002,251.399994,0,118.300003,192.899994,5.8,1043.599976,754.299988,100
24,382,0,0,186,0,1047,739,7
17.959999,153,102,0,192,0,888,943.099976,28
30.139999,400,0,0,187,0,1025,745,7
36.939999,397,0,0,186,0,1040,734,28
56.849998,275.100006,0,121.400002,159.5,9.9,1053.599976,777.5,56
16.5,154,144,112,220,10,923,658,28
31.02,116,173,0,192,0,909.799988,891.900024,90
47.970001,387,20,94,157,13.9,938,845,56
36.84,387,20,94,157,14.3,938,845,7
42.130001,288,121,0,177,7,908,829,28
20.280001,350,0,0,186,0,1050,770,7
21.07,158.800003,238.199997,0,185.699997,0,1040.599976,734.299988,28
39.299999,439,177,0,186,11.1,884.900024,707.900024,3
50.73,192,288,0,192,0,929.799988,716.099976,90
23.52,149,118,92,183,7,953,780,28
23.08,173.5,50.099998,173.5,164.800003,6.5,1006.200012,793.5,3
41.049999,313.299988,145,0,178.5,8,1001.900024,688.700012,28
37.810001,173.800003,93.400002,159.899994,172.300003,9.7,1007.200012,746.599976,28
33.09,165,128.5,132.100006,175.100006,8.1,1005.799988,746.599976,14
26.26,237.5,237.5,0,228,0,932,594,7
55.549999,491,26,123,210,3.9,882,699,28
56.810001,167,75.400002,167,164,7.9,1007.299988,770.099976,100
44.279999,276.399994,116,90.300003,179.600006,8.9,870.099976,768.299988,28
56.619999,330.5,169.600006,0,194.899994,8.1,811,802.299988,28
50.529999,288,192,0,192,0,932,717.799988,90
24.540001,229.699997,0,118.199997,195.199997,6.1,1028.099976,757.599976,28
32.720001,350,0,0,203,0,974,775,180
31.969999,333,0,0,192,0,931.200012,842.599976,28
45.299999,310,143,0,168,10,914,804,28
13.29,135,0,166,180,10,961,805,28
8.2,255,0,0,192,0,889.799988,945,3
41.84,427.5,47.5,0,228,0,932,594,180
16.280001,376,0,0,214.600006,0,1003.5,762.400024,3
7.75,168,42.099998,163.800003,121.800003,5.7,1058.699951,780.099976,3
17.280001,102,153,0,192,0,887,942,28
49.200001,425,106.300003,0,153.5,16.5,852.099976,887.099976,7
46.389999,165,128.5,132.100006,175.100006,8.1,1005.799988,746.599976,28
82.599998,389.899994,189,0,145.899994,22,944.700012,755.799988,91
29.75,172.399994,13.6,172.399994,156.800003,4.1,1006.299988,856.400024,14
30.450001,277.200012,97.800003,24.5,160.699997,11.2,1061.699951,782.5,3
32.82,380,95,0,228,0,932,594,7
39.419998,266,112,87,178,10,910,745,28
41.099998,401.799988,94.699997,0,147.399994,11.4,946.799988,852.099976,3
7.51,135.699997,203.5,0,185.699997,0,1076.199951,759.299988,7
30.23,238.100006,0,94.099998,186.699997,7,949.900024,847,28
52.830002,279.799988,128.899994,100.400002,172.399994,9.5,825.099976,804.900024,28
22.440001,281,0,0,185,0,1104,774,28
61.09,374,189.199997,0,170.100006,10.1,926.099976,756.700012,28
17.219999,251.399994,0,118.300003,188.5,5.8,1028.400024,757.700012,3
60.200001,375,93.800003,0,126.599998,23.4,852.099976,992.599976,56
44.610001,142,167,130,174,11,883,785,28
15.09,164,0,200,181,13,849,846,28
37.169998,272.799988,105.099998,81.800003,209.699997,9,904,679.700012,28
27.66,233.800003,0,94.599998,197.899994,4.6,947,852.200012,56
51.02,446,24,79,162,11.6,967,712,28
26.309999,212.5,0,100.400002,159.300003,8.7,1007.799988,903.599976,14
47.220001,500,0,0,200,0,1125,613,90
20.42,236,157,0,192,0,972.599976,749.099976,7
40.57,190.699997,0,125.400002,162.100006,7.8,1090,804,100
47.810001,304,76,0,228,0,932,670,28
12.05,238,0,0,186,0,1119,789,7
55.060001,342,38,0,228,0,932,670,270
54.380001,304,76,0,228,0,932,670,270
79.300003,362.600006,189,0,164.899994,11.6,944.700012,755.799988,91
53.77,173.5,50.099998,173.5,164.800003,6.5,1006.200012,793.5,56
27.530001,307,0,0,193,0,968,812,28
73.699997,401.799988,94.699997,0,147.399994,11.4,946.799988,852.099976,56
12.18,151.600006,0,111.900002,184.399994,7.9,992,815.900024,28
62.939999,359,19,141,154,10.9,942,801,28
55.450001,355,19,97,145,12.3,967,871,28
29.23,108.300003,162.399994,0,203.5,0,938.200012,849,90
17.440001,331,0,0,192,0,1025,821,7
19.52,212,0,124.800003,159,7.8,1085.400024,799.5,3
37.439999,382.5,0,0,185.699997,0,1047.800049,739.299988,28
15.44,231.800003,0,121.599998,174,6.7,1056.400024,778.5,3
11.47,252,0,0,186,0,1111,784,7
66.699997,425,106.300003,0,151.399994,18.6,936,803.700012,91
29.41,156,178,187,221,7,854,614,28
34.240002,178,129.800003,118.599998,179.899994,3.6,1007.299988,746.799988,14
11.85,310,0,0,192,0,1012,830,3
37.330002,310,0,0,192,0,970,850,180
39.490002,349,0,0,192,0,1047,806,90
48.849998,393,0,0,192,0,940.599976,785.599976,90
38,286.299988,200.899994,0,144.699997,11.2,1004.599976,803.700012,7
53.720001,165,128.5,132.100006,175.100006,8.1,1005.799988,746.599976,56
44.52,313,145,0,127,8,1000,822,28
56.099998,439,177,0,186,11.1,884.900024,707.900024,7
37.919998,166,259.700012,0,183.199997,12.7,858.799988,826.799988,28
33.119999,237.5,237.5,0,228,0,932,594,90
74.169998,540,0,0,173,0,1125,613,270
38.5,212,0,124.800003,159,7.8,1085.400024,799.5,28
38.560001,190.300003,0,125.199997,161.899994,9.9,1088.099976,802.599976,56
58.610001,275.100006,0,121.400002,159.5,9.9,1053.599976,777.5,100
42.290001,252.300003,0,98.800003,146.300003,14.2,987.799988,889,14
17.82,168,42.099998,163.800003,121.800003,5.7,1058.699951,780.099976,14
33.540001,166.100006,0,163.300003,176.5,4.5,1058.599976,780.099976,100
11.36,277,0,0,191,0,968,856,3
63.529999,218.199997,54.599998,123.800003,140.800003,11.9,1075.699951,792.700012,100
61.23,326,166,0,174,9,882,790,28
29.73,143,169.399994,142.699997,190.699997,8.4,967.400024,643.5,28
32.880001,236,157,0,192,0,972.599976,749.099976,28
21.860001,290.200012,193.5,0,185.699997,0,998.200012,704.299988,7
37.259998,321,0,128,182,11,870,780,28
41.720001,198.600006,132.399994,0,192,0,978.400024,825.5,180
61.990002,218.199997,54.599998,123.800003,140.800003,11.9,1075.699951,792.700012,56
11.17,225,0,0,181,0,1113,833,7
30.959999,297,0,0,186,0,1040,734,7
42.220001,246.800003,0,125.099998,143.300003,12,1086.800049,800.900024,14
10.39,141.300003,212,0,203.5,0,971.799988,748.5,7
47.130001,213.800003,98.099998,24.5,181.699997,6.7,1066,785.5,56
54.599998,305.299988,203.5,0,203.5,0,965.400024,631,90
42.549999,212.5,0,100.400002,159.300003,8.7,1007.799988,903.599976,56
25.610001,491,26,123,210,3.9,882,699,3
52.119999,342,38,0,228,0,932,670,180
33.360001,251.800003,0,99.900002,146.100006,12.4,1006,899.799988,14
14.64,198.600006,132.399994,0,192,0,978.400024,825.5,7
55.259998,304,76,0,228,0,932,670,365
64.019997,505,0,60,195,0,1030,630,28
60.290001,425,106.300003,0,153.5,16.5,852.099976,887.099976,28
14.4,165,0,143.600006,163.800003,0,1005.599976,900.900024,3
24.049999,183.899994,122.599998,0,203.5,0,959.200012,800,28
37.419998,382,0,0,186,0,1047,739,28
41.68,203.5,305.299988,0,203.5,0,963.400024,630,28
53.900002,213.699997,98.099998,24.5,181.699997,6.9,1065.800049,785.400024,100
55.16,500,0,0,200,0,1125,613,270
79.989998,540,0,0,162,2.5,1040,676,28
14.2,275,0,0,183,0,1088,808,7
21.91,297.200012,0,117.5,174.800003,9.5,1022.799988,753.5,3
70.699997,469,117.199997,0,137.800003,32.200001,852.099976,840.5,91
36.439999,139.899994,132.600006,103.300003,200.300003,7.4,916,753.400024,28
57.220001,321.299988,164.199997,0,190.5,4.6,870,774,28
25.450001,397,0,0,185.699997,0,1040.599976,734.299988,7
50.66,190,190,0,228,0,932,670,270
55.599998,475,118.800003,0,181.100006,8.9,852.099976,781.5,7
65.910004,366,187,0,191.300003,6.6,824.299988,756.900024,28
40.560001,380,95,0,228,0,932,594,90
15.61,213.5,0,174.199997,159.199997,11.7,1043.599976,771.900024,3
38.110001,310,0,0,192,0,970,850,360
64.300003,425,106.300003,0,153.5,16.5,852.099976,887.099976,56
61.240002,325.600006,166.399994,0,174,8.9,881.599976,790,28
73.300003,439,177,0,186,11.1,884.900024,707.900024,91
52.040001,295.700012,0,95.599998,171.5,8.9,955.099976,859.200012,100
9.31,254,0,0,198,0,968,863,3
40.200001,469,117.199997,0,137.800003,32.200001,852.099976,840.5,3
11.48,252.5,0,0,185.699997,0,1111.599976,784.299988,7
29.870001,143.699997,170.199997,132.600006,191.600006,8.5,814.099976,805.299988,28
36.299999,425,106.300003,0,151.399994,18.6,936,803.700012,3
18.129999,302,0,0,203,0,974,817,14
15.36,249.100006,0,98.800003,158.100006,12.8,987.799988,889,3
13.29,134.699997,0,165.699997,180.199997,10,961,804.900024,28
12.64,500,0,0,200,0,1125,613,1
33.400002,425,106.300003,0,153.5,16.5,852.099976,887.099976,3
35.860001,298,0,107,164,13,953,784,28
6.81,212,141.300003,0,203.5,0,973.400024,750,3
10.54,145,0,179,202,8,824,869,28
36.799999,313,0,113,178,8,1002,689,28
11.58,222.399994,0,96.699997,189.300003,4.5,967.099976,870.299988,3
47.400002,297.200012,0,117.5,174.800003,9.5,1022.799988,753.5,28
79.300003,362.600006,189,0,164.899994,11.6,944.700012,755.799988,91
25.18,296,0,0,186,0,1090,769,28
64.300003,425,106.300003,0,153.5,16.5,852.099976,887.099976,56
29.870001,144,170,133,192,8,814,805,28
33.689999,310,143,111,168,22,914,651,28
13.22,339,0,0,197,0,968,781,3
44.09,500,0,0,200,0,1125,613,28
56.700001,375,93.800003,0,126.599998,23.4,852.099976,992.599976,28
56.830002,528,0,0,185,6.9,920,720,28
48.700001,266,114,0,228,0,932,670,180
77.300003,362.600006,189,0,164.899994,11.6,944.700012,755.799988,56
23.74,145.699997,172.600006,0,181.899994,3.4,985.799988,816.799988,28
31.25,277,0,0,191,0,968,856,90
38.77,275.100006,0,121.400002,159.5,9.9,1053.599976,777.5,14
4.9,183.899994,122.599998,0,203.5,0,959.200012,800,3
46.23,314,145,113,179,8,869,690,28
48.59,178,129.800003,118.599998,179.899994,3.6,1007.299988,746.799988,56
63.400002,374,189.199997,0,170.100006,10.1,926.099976,756.700012,56
39,424,22,132,178,8.5,822,750,7
61.799999,425,106.300003,0,151.399994,18.6,936,803.700012,28
39.299999,234,156,0,189,5.9,981,760,28
36.990002,297.200012,0,117.5,174.800003,9.5,1022.799988,753.5,14
26.860001,153,239,0,200,6,1002,684,28
38.630001,326.5,0,137.899994,199,10.8,801.099976,792.5,28
56.139999,446,24,79,162,11.6,967,712,56
41.369999,516,0,0,162,8.2,801,802,28
14.7,385,0,0,186,0,966,763,3
29.549999,491,26,123,201,3.9,822,699,3
32.400002,261,100,78,201,9,864,761,28
20.870001,250,0,0,182,0,1100,820,28
13.82,250,0,95.699997,187.399994,5.5,956.900024,861.200012,3
12.54,307,0,0,193,0,968,812,3
47.82,212,0,124.800003,159,7.8,1085.400024,799.5,100
19.77,272.799988,181.899994,0,185.699997,0,1012.400024,714.299988,7
20.77,322,0,0,203,0,974,800,14
18.75,255,0,0,192,0,889.799988,945,28
19.99,146.5,114.599998,89.300003,201.899994,8.8,860,829.5,28
17.34,225,0,0,181,0,1113,833,28
33.299999,132,207,161,179,5,867,736,28
39.459999,159.800003,250,0,168.399994,12.2,1049.300049,688.200012,28
31.74,331,0,0,192,0,1025,821,28
31.65,339,0,0,185,0,1060,754,28
37.43,150,236.800003,0,173.800003,11.9,1069.300049,674.799988,28
43.939999,480,0,0,192,0,936.200012,712.200012,28
35.849998,172.399994,13.6,172.399994,156.800003,4.1,1006.299988,856.400024,56
40.66,349,0,0,192,0,1056,809,90
12.45,194.699997,0,100.5,165.600006,7.5,1006.400024,905.900024,3
19.110001,393,0,0,192,0,940,758,3
37.27,321.399994,0,127.900002,182.5,11.5,870.099976,779.700012,28
32.529999,183.899994,122.599998,0,203.5,0,959.200012,800,90
53.959999,214.899994,53.799999,121.900002,155.600006,9.6,1014.299988,780.599976,56
38.700001,310,0,0,192,0,1012,830,120
66,439,177,0,186,11.1,884.900024,707.900024,28
59,356,119,0,160,9,1061,657,28
45.900002,387,20,94,157,13.9,938,845,7
42.349998,250,0,95.699997,187.399994,5.5,956.900024,861.200012,100
15.69,238.199997,158.800003,0,185.699997,0,1040.599976,734.299988,7
66.099998,318.799988,212.5,0,155.699997,14.3,852.099976,880.400024,56
47.740002,212.600006,0,100.400002,159.399994,10.4,1003.799988,903.799988,100
22.719999,190.300003,0,125.199997,161.899994,9.9,1088.099976,802.599976,14
55.830002,252.300003,0,98.800003,146.300003,14.2,987.799988,889,56
8.37,153,102,0,192,0,888,943.099976,7
33.759998,162,190.100006,148.100006,178.800003,18.799999,838.099976,741.400024,28
79.400002,389.899994,189,0,145.899994,22,944.700012,755.799988,56
53.52,298,137,107,201,6,878,655,28
12.18,152,0,112,184,8,992,816,28
23.52,246.800003,0,125.099998,143.300003,12,1086.800049,800.900024,3
23.51,168.899994,42.200001,124.300003,158.300003,10.8,1080.800049,796.200012,14
57.599998,388.600006,97.099998,0,157.899994,12.1,852.099976,925.700012,91
55.200001,388.600006,97.099998,0,157.899994,12.1,852.099976,925.700012,56
50.080002,213.699997,0,174.699997,154.800003,10.2,1053.5,776.400024,100
4.83,141.300003,212,0,203.5,0,971.799988,748.5,3
23.700001,148.5,139.399994,108.599998,192.699997,6.1,892.400024,780,28
2.33,108.300003,162.399994,0,203.5,0,938.200012,849,3
35.57,181.399994,0,167,169.600006,7.6,1055.599976,777.799988,56
31.379999,272.799988,181.899994,0,185.699997,0,1012.400024,714.299988,28
15.34,144,15,195,176,6,1021,709,28
24.4,286.299988,200.899994,0,144.699997,11.2,1004.599976,803.700012,3
29.93,251.399994,0,118.300003,188.5,5.8,1028.400024,757.700012,14
39.27,251.399994,0,118.300003,192.899994,5.8,1043.599976,754.299988,56
31.42,296,0,107,221,11,819,778,28
40.68,326,0,138,199,11,801,792,28
33.720001,261.899994,110.5,86.099998,195.399994,5,895.200012,732.599976,28
35.23,140,164,128,237,6,869,656,28
28.469999,190.300003,0,125.199997,161.899994,9.9,1088.099976,802.599976,28
19.99,147,115,89,202,9,860,829,28
31.42,296,0,106.699997,221.399994,10.5,819.200012,778.400024,28
27.92,310,0,0,192,0,970,850,28
41.669998,387,20,94,157,11.6,938,845,7
14.14,305.299988,203.5,0,203.5,0,965.400024,631,3
18.280001,155,183,0,193,9,1047,697,28
50.240002,387,20,94,157,14.3,938,845,28
44.400002,212.600006,0,100.400002,159.399994,10.4,1003.799988,903.799988,56
25.620001,376,0,0,214.600006,0,1003.5,762.400024,14
66.82,277.200012,97.800003,24.5,160.699997,11.2,1061.699951,782.5,56
6.9,166.800003,250.199997,0,203.5,0,975.599976,692.599976,3
15.04,190.699997,0,125.400002,162.100006,7.8,1090,804,3
17.24,255.5,170.300003,0,185.699997,0,1026.599976,724.299988,7
52.200001,214.899994,53.799999,121.900002,155.600006,9.6,1014.299988,780.599976,28
29.889999,141.300003,212,0,203.5,0,971.799988,748.5,28
23.790001,154.800003,183.399994,0,193.300003,9.1,877.200012,867.700012,28
25.02,446,24,79,162,11.6,967,712,3
37.23,331,0,0,192,0,978,825,90
38.02,446,24,79,162,11.6,967,712,7
37.360001,156,243,0,180,11,1022,698,28
14.6,289,0,0,192,0,913.200012,895.299988,7
33.720001,262,111,86,195,5,895,733,28
26.4,190.699997,0,125.400002,162.100006,7.8,1090,804,28
33.950001,166.800003,250.199997,0,203.5,0,975.599976,692.599976,28
61.860001,491,26,123,201,3.9,822,699,56
47.279999,333,17.5,163,167,17.9,996,652,28
42.700001,231.800003,0,121.599998,174,6.7,1056.400024,778.5,56
12.84,236,0,0,194,0,968,885,14
56.34,387,20,94,157,14.3,938,845,56
23.790001,155,183,0,193,9,877,868,28
56.400002,531.299988,0,0,141.800003,28.200001,852.099976,893.700012,28
32.25,272.600006,0,89.599998,198.699997,10.6,931.299988,762.200012,28
57.029999,446,24,79,162,11.6,967,712,28
22.93,184,86,190,213,6,923,623,28
33.799999,255.300003,98.800003,77,188.600006,6.5,919,749.299988,28
49.200001,425,106.300003,0,153.5,16.5,852.099976,887.099976,7
50.509998,522,0,0,146,0,896,896,7
31.18,322,0,116,196,10,818,813,28
51.959999,297.200012,0,117.5,174.800003,9.5,1022.799988,753.5,56
45.080002,290.399994,0,96.199997,168.100006,9.4,961.200012,865,56
67.57,500,0,0,140,4,966,853,28
33.700001,213.5,0,174.199997,154.600006,11.7,1052.300049,775.5,14
37.68,172.399994,13.6,172.399994,156.800003,4.1,1006.299988,856.400024,100
15.82,173.800003,93.400002,159.899994,172.300003,9.7,1007.200012,746.599976,3
32.849998,168,42.099998,163.800003,121.800003,5.7,1058.699951,780.099976,56
7.4,168.899994,42.200001,124.300003,158.300003,10.8,1080.800049,796.200012,3
66.900002,469,117.199997,0,137.800003,32.200001,852.099976,840.5,28
41.049999,332.5,142.5,0,228,0,932,594,365
10.76,166.100006,0,163.300003,176.5,4.5,1058.599976,780.099976,3
35.759998,310,0,0,192,0,1012,830,90
28.68,249.100006,0,98.800003,158.100006,12.8,987.799988,889,14
25.889999,305.299988,203.5,0,203.5,0,965.400024,631,7
60.279999,520,0,0,170,5.2,855,855,28
29.719999,143,169,143,191,8,967,643,28
57.919998,491,26,123,201,3.9,822,699,28
9.73,250.199997,166.800003,0,203.5,0,977.599976,694.099976,3
50.939999,173.800003,93.400002,159.899994,172.300003,9.7,1007.200012,746.599976,100
50.599998,252.300003,0,98.800003,146.300003,14.2,987.799988,889,28
15.07,202,11,141,206,1.7,942,801,7
17.950001,148,0,137,158,16,1002,830,28
71.300003,362.600006,189,0,164.899994,11.6,944.700012,755.799988,28
41.369999,516,0,0,162,8.3,801,802,28
29.59,213.5,0,174.199997,159.199997,11.7,1043.599976,771.900024,14
39.450001,160,250,0,168,12,1049,688,28
46.23,314,145.300003,113.199997,178.899994,8,869.099976,690.200012,28
45.849998,266,114,0,228,0,932,670,28
41.41,167,75.400002,167,164,7.9,1007.299988,770.099976,28
32.110001,424,22,132,168,8.9,822,750,3
44.139999,251.800003,0,99.900002,146.100006,12.4,1006,899.799988,56
72.300003,475,118.800003,0,181.100006,8.9,852.099976,781.5,56
18.290001,154.800003,183.399994,0,193.300003,9.1,1047.400024,696.700012,28
39.439999,239.600006,359.399994,0,185.699997,0,941.599976,664.299988,28
52.200001,379.5,151.199997,0,153.899994,15.9,1134.300049,605,28
13.66,133,200,0,192,0,927.400024,839.200012,7
38.459999,313.799988,0,112.599998,169.899994,10.1,925.299988,782.900024,28
24.280001,194.699997,0,100.5,170.199997,7.5,998,901.799988,14
45.369999,181.399994,0,167,169.600006,7.6,1055.599976,777.799988,100
39.599998,393,0,0,192,0,940.599976,785.599976,28
6.27,385,0,0,186,0,966,763,1
21.969999,202,11,141,206,1.7,942,801,28
44.279999,276,116,90,180,9,870,768,28
37.43,427.5,47.5,0,228,0,932,594,28
34.560001,233.800003,0,94.599998,197.899994,4.6,947,852.200012,100
41.540001,427.5,47.5,0,228,0,932,594,90
6.47,236,0,0,194,0,968,885,3
71.300003,362.600006,189,0,164.899994,11.6,944.700012,755.799988,28
26.23,153,145,113,178,8,867,824,28
25.18,322,0,0,203,0,974,800,28
20.969999,339,0,0,197,0,968,781,7
34.290001,350,0,0,186,0,1050,770,28
30.219999,218.899994,0,124.099998,158.5,11.3,1078.699951,794.900024,28
7.72,108.300003,162.399994,0,203.5,0,938.200012,849,7
22.530001,350,0,0,203,0,974,775,14
35.099998,337.899994,189,0,174.899994,9.5,944.700012,755.799988,7
52.450001,312.899994,160.5,0,177.600006,9.6,916.599976,759.5,28
11.96,203.5,135.699997,0,185.699997,0,1076.199951,759.299988,7
30.57,325,0,0,184,0,1063,783,28
43.700001,400,0,0,187,0,1025,745,28
39.419998,266.200012,112.300003,87.5,177.899994,10.4,909.700012,744.5,28
7.32,182,45.200001,122,170.199997,8.2,1059.400024,780.700012,3
23.139999,277.100006,0,97.400002,160.600006,11.8,973.900024,875.599976,3
51.43,213.5,0,174.199997,154.600006,11.7,1052.300049,775.5,56
74.360001,424,22,132,168,8.9,822,750,56
71.989998,485,0,0,146,0,1120,800,28
29.07,136,162,126,172,10,923,764,28
4.78,153,102,0,192,0,888,943.099976,3
49.25,200,200,0,190,0,1145,660,28
71.300003,362.600006,189,0,164.899994,11.6,944.700012,755.799988,28
36.349998,152,178,139,168,18,944,695,28
51.330002,275.100006,0,121.400002,159.5,9.9,1053.599976,777.5,28
20.73,251.399994,0,118.300003,192.899994,5.8,1043.599976,754.299988,14
37.91,331,0,0,192,0,1025,821,90
61.07,446,24,79,162,11.6,967,712,56
80.199997,323.700012,282.799988,0,183.800003,10.3,942.700012,659.900024,56
37.919998,491,26,123,201,3.9,822,699,7
21.5,182,45.200001,122,170.199997,8.2,1059.400024,780.700012,14
38.700001,316.100006,210.699997,0,185.699997,0,977,689.299988,28
24.1,236,0,0,193,0,968,885,180
9.74,154.800003,0,142.800003,193.300003,9.1,877.200012,867.700012,28
25.370001,212.600006,0,100.400002,159.399994,10.4,1003.799988,903.799988,14
40.860001,190,190,0,228,0,932,670,28
18.129999,350,0,0,203,0,974,775,7
39.66,141.300003,212,0,203.5,0,971.799988,748.5,90
44.279999,194.699997,0,100.5,170.199997,7.5,998,901.799988,100
12.25,200,0,0,180,0,1125,845,28
52.5,246.800003,0,125.099998,143.300003,12,1086.800049,800.900024,28
13.09,220.800003,147.199997,0,185.699997,0,1055,744.299988,7
33.799999,525,0,0,189,0,1125,613,3
8.06,139.600006,209.399994,0,192,0,1047,806.900024,3
68.099998,318.799988,212.5,0,155.699997,14.3,852.099976,880.400024,91
13.62,181.399994,0,167,169.600006,7.6,1055.599976,777.799988,3
44.299999,198.600006,132.399994,0,192,0,978.400024,825.5,360
38.599998,475,0,0,228,0,932,594,7
46.68,387,20,94,157,11.6,938,845,28
15.87,349,0,0,192,0,1056,809,3
30.85,249.100006,0,98.800003,158.100006,12.8,987.799988,889,28
34.490002,307,0,0,193,0,968,812,180
33.759998,162,190,148,179,19,838,741,28
29,375,93.800003,0,126.599998,23.4,852.099976,992.599976,3
29.65,251.399994,0,118.300003,188.5,5.8,1028.400024,757.700012,28
59.200001,531.299988,0,0,141.800003,28.200001,852.099976,893.700012,91
55.639999,277.100006,0,97.400002,160.600006,11.8,973.900024,875.599976,100
9.45,190.300003,0,125.199997,161.899994,9.9,1088.099976,802.599976,3
13.36,229.699997,0,118.199997,195.199997,6.1,1028.099976,757.599976,3
69.300003,469,117.199997,0,137.800003,32.200001,852.099976,840.5,56
54.099998,401.799988,94.699997,0,147.399994,11.4,946.799988,852.099976,7
37.400002,212.600006,0,100.400002,159.399994,10.4,1003.799988,903.799988,28
39.299999,446,24,79,162,11.6,967,712,7
46.200001,374,189.199997,0,170.100006,10.1,926.099976,756.700012,7
51.73,266,114,0,228,0,932,670,270
27.040001,339,0,0,197,0,968,781,14
34.77,387,20,94,157,11.6,938,845,3
15.42,144,0,175,158,18,943,844,28
38.209999,375,0,0,186,0,1038,758,28
29.07,136.399994,161.600006,125.800003,171.600006,10.4,922.599976,764.400024,28
8.54,158.399994,0,194.899994,219.699997,11,897.700012,712.900024,28
27.629999,254,0,0,198,0,968,863,180
33.400002,318.799988,212.5,0,155.699997,14.3,852.099976,880.400024,7
9.56,203.5,305.299988,0,203.5,0,963.400024,630,3
14.59,139.600006,209.399994,0,192,0,1047,806.900024,7
40.709999,222.399994,0,96.699997,189.300003,4.5,967.099976,870.299988,100
36.560001,165,0,143.600006,163.800003,0,1005.599976,900.900024,56
24.129999,284,15,141,179,5.5,842,801,7
29.549999,173.800003,93.400002,159.899994,172.300003,9.7,1007.200012,746.599976,14
55.02,165,128.5,132.100006,175.100006,8.1,1005.799988,746.599976,100
49.77,259.899994,100.599998,78.400002,170.600006,10.4,935.700012,762.900024,28
31.969999,376,0,0,214.600006,0,1003.5,762.400024,28
14.54,381.399994,0,0,185.699997,0,1104.599976,784.299988,7
31.9,339.200012,0,0,185.699997,0,1069.199951,754.299988,28
64.300003,425,106.300003,0,153.5,16.5,852.099976,887.099976,56
14.31,331,0,0,192,0,1025,821,3
39.150002,168.899994,42.200001,124.300003,158.300003,10.8,1080.800049,796.200012,56
15.62,333,0,0,192,0,931.200012,842.599976,3
26.059999,375,0,0,186,0,1038,758,7
12.73,250,0,0,182,0,1100,820,7
51.040001,500,0,0,200,0,1125,613,180
42.419998,525,0,0,189,0,1125,613,7
25.18,295,0,0,185,0,1069,769,28
32.049999,255.5,170.300003,0,185.699997,0,1026.599976,724.299988,28
12.18,194.699997,0,100.5,170.199997,7.5,998,901.799988,3
48.400002,525,0,0,189,0,1125,613,14
19.93,238.100006,0,94.099998,186.699997,7,949.900024,847,3
52.419998,322,149,0,186,8,951,709,28
32.630001,193.5,290.200012,0,185.699997,0,998.200012,704.299988,28
41.939999,287,121,94,188,9,904,696,28
25.559999,153.100006,145,113,178.5,8,1001.900024,688.700012,28
33.27,251.399994,0,118.300003,192.899994,5.8,1043.599976,754.299988,28
65.910004,366,187,0,191,7,824,757,28
37.959999,165,0,143.600006,163.800003,0,1005.599976,900.900024,100
52.91,266,114,0,228,0,932,670,365
10.38,233.800003,0,94.599998,197.899994,4.6,947,852.200012,3
12.55,190.300003,0,125.199997,166.600006,9.9,1079,798.900024,3
26.940001,254,0,0,198,0,968,863,90
48.990002,173.800003,93.400002,159.899994,172.300003,9.7,1007.200012,746.599976,56
13.33,212.600006,0,100.400002,159.399994,10.4,1003.799988,903.799988,3
31.84,339,0,0,185,0,1069,754,28
33.73,213.699997,0,174.699997,154.800003,10.2,1053.5,776.400024,14
25.48,166.100006,0,163.300003,176.5,4.5,1058.599976,780.099976,14
28.799999,313.299988,262.200012,0,175.5,8.6,1046.900024,611.799988,3
19.690001,252,0,0,185,0,1111,784,28
54.900002,469,117.199997,0,137.800003,32.200001,852.099976,840.5,7
33.959999,194.699997,0,100.5,165.600006,7.5,1006.400024,905.900024,56
47.709999,250.199997,166.800003,0,203.5,0,977.599976,694.099976,90
59.799999,313.299988,262.200012,0,175.5,8.6,1046.900024,611.799988,28
41.150002,380,95,0,228,0,932,594,270
21.18,339.200012,0,0,185.699997,0,1069.199951,754.299988,7
23.35,446,24,79,162,11.6,967,712,3
33,212,141.300003,0,203.5,0,973.400024,750,28
44.299999,238.100006,0,94.099998,186.699997,7,949.900024,847,100
34.68,310,0,0,192,0,970,850,90
30.08,237.5,237.5,0,228,0,932,594,28
32.240002,273,0,90,199,11,931,762,28
40.93,313.299988,145,0,178.5,8,867.200012,824,28
59.09,389.899994,189,0,145.899994,22,944.700012,755.799988,7
54.900002,379.5,151.199997,0,153.899994,15.9,1134.300049,605,56
16.26,331,0,0,192,0,978,825,7
24.5,275,0,0,183,0,1088,808,28
27.92,385,0,0,186,0,966,763,14
31.879999,298.200012,0,107,209.699997,11.1,879.599976,744.200012,28
66.419998,246.800003,0,125.099998,143.300003,12,1086.800049,800.900024,100
19.540001,203.5,305.299988,0,203.5,0,963.400024,630,7
46.68,387,20,94,157,13.9,938,845,28
67.110001,525,0,0,189,0,1125,613,270
58.779999,525,0,0,189,0,1125,613,90
18.200001,135.699997,203.5,0,185.699997,0,1076.199951,759.299988,28
37.43,150,237,0,174,12,1069,675,28
15.75,166.800003,250.199997,0,203.5,0,975.599976,692.599976,7
68.300003,475,118.800003,0,181.100006,8.9,852.099976,781.5,28
69.839996,500,0,0,151,9,1033,655,28
22.32,229.699997,0,118.199997,195.199997,6.1,1028.099976,757.599976,14
36.59,133,200,0,192,0,927.400024,839.200012,90
36.939999,500,0,0,200,0,1125,613,14
25.459999,102,153,0,192,0,887,942,90
40.860001,229.699997,0,118.199997,195.199997,6.1,1028.099976,757.599976,100
35.169998,339,0,0,197,0,968,781,90
39,331,0,0,192,0,978,825,180
32.84,160,188,146,203,11,829,710,28
55.509998,218.199997,54.599998,123.800003,140.800003,11.9,1075.699951,792.700012,28
18.030001,165,0,150,182,12,1023,729,28
33.02,332.5,142.5,0,228,0,932,594,28
18.42,236,0,0,194,0,968,885,28
28.6,379.5,151.199997,0,153.899994,15.9,1134.300049,605,3
33.040001,290.200012,193.5,0,185.699997,0,998.200012,704.299988,28
27.83,310,0,0,192,0,1012,830,28
30.879999,159,209,161,201,7,848,669,28
51.060001,249.100006,0,98.800003,158.100006,12.8,987.799988,889,100
27.219999,250,0,95.699997,191.800003,5.3,948.900024,857.200012,28
34.400002,374,189.199997,0,170.100006,10.1,926.099976,756.700012,3
25.690001,238.100006,0,94.099998,186.699997,7,949.900024,847,14
25.969999,277,0,0,191,0,968,856,28
7.68,102,153,0,192,0,887,942,7
39.049999,374,0,0,190,7,1013,730,28
48.669998,182,45.200001,122,170.199997,8.2,1059.400024,780.700012,100
26.92,147.800003,175.100006,0,171.199997,2.2,1000,828.5,28
45.939999,213.5,0,174.199997,154.600006,11.7,1052.300049,775.5,28
62.5,375,93.800003,0,126.599998,23.4,852.099976,992.599976,91
9.13,198.600006,132.399994,0,192,0,978.400024,825.5,3
14.2,296,0,0,192,0,1085,765,7
29.389999,296,0,0,192,0,1085,765,90
58.52,475,0,0,162,9.5,1044,662,28
42.330002,190,190,0,228,0,932,670,90
33.939999,251.800003,0,99.900002,146.100006,12.4,1006,899.799988,28
13.4,284,15,141,179,5.5,842,801,3
9.62,158.800003,238.199997,0,185.699997,0,1040.599976,734.299988,7
30.280001,332.5,142.5,0,228,0,932,594,7
3.32,122.599998,183.899994,0,203.5,0,958.200012,800.099976,3
56.060001,173.5,50.099998,173.5,164.800003,6.5,1006.200012,793.5,100
20.92,212.100006,0,121.599998,180.300003,5.7,1057.599976,779.299988,14
9.85,202,11,141,206,1.7,942,801,3
7.84,200,0,0,180,0,1125,845,7
21.540001,166.100006,0,163.300003,176.5,4.5,1058.599976,780.099976,28
47.029999,266,114,0,228,0,932,670,90
39,237.5,237.5,0,228,0,932,594,365
43.700001,380,95,0,228,0,932,594,365
36.349998,151.800003,178.100006,138.699997,167.5,18.299999,944,694.599976,28
41.93,475,0,0,228,0,932,594,365
35.23,295.700012,0,95.599998,171.5,8.9,955.099976,859.200012,14
71.620003,540,0,0,173,0,1125,613,180
35.360001,446,24,79,162,11.6,967,712,3
9.69,157,236,0,192,0,935.400024,781.200012,3
33.400002,425,106.300003,0,153.5,16.5,852.099976,887.099976,3
35.959999,218.199997,54.599998,123.800003,140.800003,11.9,1075.699951,792.700012,14
38.330002,250,0,95.699997,187.399994,5.5,956.900024,861.200012,56
21.290001,172.399994,13.6,172.399994,156.800003,4.1,1006.299988,856.400024,3
9.74,155,0,143,193,9,877,868,28
24.24,168,42.099998,163.800003,121.800003,5.7,1058.699951,780.099976,28
43.799999,287.299988,120.5,93.900002,187.600006,9.2,904.400024,695.900024,28
31.639999,212.5,0,100.400002,159.300003,8.7,1007.799988,903.599976,28
24.4,480,0,0,192,0,936.200012,712.200012,3
43.580002,277,116.800003,91,190.600006,7,946.5,665.599976,28
14.99,349,0,0,192,0,1047,806,3
42.639999,298,0,107,186,6,879,815,28
68.75,359,19,141,154,10.9,942,801,56
50.950001,304,76,0,228,0,932,670,180
35.299999,362.600006,189,0,164.899994,11.6,944.700012,755.799988,3
28.1,388.600006,97.099998,0,157.899994,12.1,852.099976,925.700012,3
44.419998,446,24,79,162,11.6,967,712,28
23.84,300,0,120,212,10,878,728,28
22.5,290.399994,0,96.199997,168.100006,9.4,961.200012,865,3
34.200001,212.100006,0,121.599998,180.300003,5.7,1057.599976,779.299988,56
32.009998,424,22,132,178,8.5,882,750,3
21.91,135,105,193,196,6,965,643,28
32.720001,349,0,0,192,0,1047,806,28
25.1,312.700012,0,0,178.100006,8,999.700012,822.200012,28
31.35,385,0,0,186,0,966,763,28
19.42,190.300003,0,125.199997,166.600006,9.9,1079,798.900024,14
29.59,322,0,0,203,0,974,800,180
49.990002,178,129.800003,118.599998,179.899994,3.6,1007.299988,746.799988,100
53.52,297.799988,137.199997,106.900002,201.300003,6,878.400024,655.299988,28
26.15,143.800003,136.300003,106.199997,178.100006,7.5,941.5,774.299988,28
43.009998,427.5,47.5,0,228,0,932,594,270
25.75,220.800003,147.199997,0,185.699997,0,1055,744.299988,28
13.46,150.699997,0,185.300003,166.699997,15.6,1074.5,678,28
65.199997,425,106.300003,0,153.5,16.5,852.099976,887.099976,91
39.09,397,0,0,185,0,1040,734,28
23.219999,385,0,0,186,0,966,763,7
27.34,350,0,0,203,0,974,775,28
10.54,145.399994,0,178.899994,201.699997,7.8,824,868.700012,28
59.490002,359,19,141,154,10.9,942,801,28
18,213.699997,98.099998,24.5,181.699997,6.9,1065.800049,785.400024,3
21.16,339,0,0,185,0,1069,754,7
54.77,446,24,79,162,10.3,967,712,56
41.68,333,0,0,192,0,931.200012,842.599976,90
9.99,236,0,0,193,0,968,885,7
76.800003,286.299988,200.899994,0,144.699997,11.2,1004.599976,803.700012,91
65.199997,425,106.300003,0,153.5,16.5,852.099976,887.099976,91
32.77,159.100006,186.699997,0,175.600006,11.3,989.599976,788.900024,28
28.99,155,184,143,194,9,880,699,28
9.01,349,0,0,192,0,1056,809,7
36.439999,140,133,103,200,7,916,753,28
25.559999,153,145,113,178,8,1002,689,28
40.27,332.5,142.5,0,228,0,932,594,270
25.51,387,20,94,157,13.9,938,845,3
46.900002,531.299988,0,0,141.800003,28.200001,852.099976,893.700012,7
52.610001,540,0,0,173,0,1125,613,7
48.150002,168.899994,42.200001,124.300003,158.300003,10.8,1080.800049,796.200012,100
55.900002,362.600006,189,0,164.899994,11.6,944.700012,755.799988,7
52.959999,213.5,0,174.199997,159.199997,11.7,1043.599976,771.900024,100
53.459999,167,75.400002,167,164,7.9,1007.299988,770.099976,56
36.450001,380,95,0,228,0,932,594,28
67.699997,286.299988,200.899994,0,144.699997,11.2,1004.599976,803.700012,28
55.5,318.799988,212.5,0,155.699997,14.3,852.099976,880.400024,28
33.209999,500,0,0,200,0,1125,613,7
27.42,218.199997,54.599998,123.800003,140.800003,11.9,1075.699951,792.700012,3
45.84,231.800003,0,121.599998,174,6.7,1056.400024,778.5,100
21.860001,255,0,0,192,0,889.799988,945,90
27.23,164,163,128,197,8,961,641,28
24.34,154,174,185,228,7,845,612,28
72.099998,424,22,132,168,8.9,822,750,28
24.66,250,0,95.699997,191.800003,5.3,948.900024,857.200012,14
23.690001,149,139,109,193,6,892,780,28
24.440001,316.100006,210.699997,0,185.699997,0,977,689.299988,7
41.889999,277.100006,0,97.400002,160.600006,11.8,973.900024,875.599976,14
53.389999,446,24,79,162,10.3,967,712,28
39.290001,475,0,0,228,0,932,594,28
44.209999,139.600006,209.399994,0,192,0,1047,806.900024,180
37.169998,273,105,82,210,9,904,680,28
45.080002,212,0,124.800003,159,7.8,1085.400024,799.5,56
33.66,157,236,0,192,0,935.400024,781.200012,28
10.73,170.300003,155.5,0,185.699997,0,1026.599976,724.299988,7
44.52,312.700012,144.699997,0,127.300003,8,999.700012,822.200012,28
17.540001,238,0,0,185,0,1118,789,28
38.41,237.5,237.5,0,228,0,932,594,270
18.91,296,0,0,186,0,1090,769,7
12.37,181.899994,272.799988,0,185.699997,0,1012.400024,714.299988,7
19.690001,252,0,0,185,0,1111,784,28
10.22,255,0,0,192,0,889.799988,945,7
75.5,401.799988,94.699997,0,147.399994,11.4,946.799988,852.099976,91
23.84,299.799988,0,119.800003,211.5,9.9,878.200012,727.599976,28
46.240002,289,134,0,195,6,924,760,28
26.92,148,175,0,171,2,1000,828,28
43.57,166.800003,250.199997,0,203.5,0,975.599976,692.599976,90
19.77,252.5,0,0,185.699997,0,1111.599976,784.299988,28
18.129999,349,0,0,192,0,1047,806,7
30.389999,213.699997,98.099998,24.5,181.699997,6.9,1065.800049,785.400024,14
61.889999,540,0,0,162,2.5,1055,676,28
28.629999,166.100006,0,163.300003,176.5,4.5,1058.599976,780.099976,56
20.73,178,129.800003,118.599998,179.899994,3.6,1007.299988,746.799988,3
21.82,210.699997,316.100006,0,185.699997,0,977,689.299988,7
26.32,153,102,0,192,0,888,943.099976,90
40.389999,190.300003,0,125.199997,161.899994,9.9,1088.099976,802.599976,100
63.139999,277.200012,97.800003,24.5,160.699997,11.2,1061.699951,782.5,28
26.059999,500,0,0,200,0,1125,613,3
36.150002,307,0,0,193,0,968,812,365
24.99,194.699997,0,100.5,165.600006,7.5,1006.400024,905.900024,14
49.900002,337.899994,189,0,174.899994,9.5,944.700012,755.799988,28
10.03,230,0,118.300003,195.5,4.6,1029.400024,758.599976,3
17.57,213.699997,0,174.699997,154.800003,10.2,1053.5,776.400024,3
54.32,480,0,0,192,0,936.200012,712.200012,90
38.459999,314,0,113,170,10,925,783,28
49.200001,425,106.300003,0,153.5,16.5,852.099976,887.099976,7
30.120001,305,0,100,196,10,959,705,28
35.299999,362.600006,189,0,164.899994,11.6,944.700012,755.799988,3
59.299999,213.5,0,174.199997,154.600006,11.7,1052.300049,775.5,100
41.049999,313,145,0,178,8,1002,689,28
53.580002,285,190,0,163,7.6,1031,685,28
38.799999,288,192,0,192,0,932,717.799988,28
24.48,230,0,118.300003,195.5,4.6,1029.400024,758.599976,28
23.52,288,192,0,192,0,932,717.799988,7
39.700001,212,141.300003,0,203.5,0,973.400024,750,90
31.719999,190.300003,0,125.199997,166.600006,9.9,1079,798.900024,56
51.02,520,0,0,175,5.2,870,805,28
49.189999,304,76,0,228,0,932,670,90
38.220001,309.899994,142.800003,111.199997,167.800003,22.1,913.900024,651.200012,28
46.25,289,133.699997,0,194.899994,5.5,924.099976,760.099976,28
16.5,153.600006,144.199997,112.300003,220.100006,10.1,923.200012,657.900024,28
17.58,238.100006,0,0,185.699997,0,1118.800049,789.299988,28
48.720001,295.700012,0,95.599998,171.5,8.9,955.099976,859.200012,56
33.400002,252,97,76,194,8,835,821,28
17.6,186.199997,124.099998,0,185.699997,0,1083.400024,764.299988,28
33.009998,173.5,50.099998,173.5,164.800003,6.5,1006.200012,793.5,14
17.959999,148.100006,0,136.600006,158.100006,16.1,1001.799988,830.099976,28
41.639999,540,0,0,173,0,1125,613,3
31.450001,331,0,0,192,0,978,825,28
49.970001,213.800003,98.099998,24.5,181.699997,6.7,1066,785.5,100
32.330002,277,0,0,191,0,968,856,180
22.139999,233.800003,0,94.599998,197.899994,4.6,947,852.200012,14
51.860001,203.5,305.299988,0,203.5,0,963.400024,630,90
56.740002,297.200012,0,117.5,174.800003,9.5,1022.799988,753.5,100
22.629999,203.5,135.699997,0,185.699997,0,1076.199951,759.299988,28
15.09,164.199997,0,200.100006,181.199997,12.6,849.299988,846,28
43.5,182,45.200001,122,170.199997,8.2,1059.400024,780.700012,56
24.889999,222.399994,0,96.699997,189.300003,4.5,967.099976,870.299988,28
74.989998,522,0,0,146,0,896,896,28
52.91,380,0,0,228,0,932,670,90
77.300003,362.600006,189,0,164.899994,11.6,944.700012,755.799988,56
25.719999,194.699997,0,100.5,165.600006,7.5,1006.400024,905.900024,28
15.58,300,0,0,184,0,1075,795,7
66.949997,277.200012,97.800003,24.5,160.699997,11.2,1061.699951,782.5,100
11.47,382,0,0,186,0,1111,784,7
52.43,322.5,148.600006,0,185.800003,8.5,951,709.5,28
67.800003,337.899994,189,0,174.899994,9.5,944.700012,755.799988,91
24,382,0,0,185,0,1047,739,7
22.84,233.800003,0,94.599998,197.899994,4.6,947,852.200012,28
13.52,331,0,0,192,0,978,825,3
42.919998,212.5,0,100.400002,159.300003,8.7,1007.799988,903.599976,100
33.060001,146,230,0,202,3,827,872,28
50.459999,342,38,0,228,0,932,670,90
36.959999,250.199997,166.800003,0,203.5,0,977.599976,694.099976,28
25.73,170.300003,155.5,0,185.699997,0,1026.599976,724.299988,28
33.560001,190.300003,0,125.199997,166.600006,9.9,1079,798.900024,100
33.799999,255,99,77,189,6,919,749,28
24.290001,122.599998,183.899994,0,203.5,0,958.200012,800.099976,28
33.73,231.800003,0,121.599998,174,6.7,1056.400024,778.5,28
17.370001,213.5,0,174.199997,154.600006,11.7,1052.300049,775.5,3
34.740002,290.399994,0,96.199997,168.100006,9.4,961.200012,865,28
27.77,181.399994,0,167,169.600006,7.6,1055.599976,777.799988,28
32.099998,173,116,0,192,0,946.799988,856.799988,90
38.200001,173.5,50.099998,173.5,164.800003,6.5,1006.200012,793.5,28
41.200001,167.399994,129.899994,128.600006,175.5,7.8,1006.299988,746.599976,28
13.54,212.5,0,100.400002,159.300003,8.7,1007.799988,903.599976,3
15.52,167,75.400002,167,164,7.9,1007.299988,770.099976,3
61.919998,525,0,0,189,0,1125,613,180
37.91,166,260,0,183,13,859,827,28
39.610001,212.100006,0,121.599998,180.300003,5.7,1057.599976,779.299988,100
35.869999,298.100006,0,107.5,163.600006,12.8,953.200012,784,28
55.549999,385,0,136,158,20,903,768,28
10.79,183.899994,122.599998,0,203.5,0,959.200012,800,7
49.799999,323.700012,282.799988,0,183.800003,10.3,942.700012,659.900024,7
19.42,165,128.5,132.100006,175.100006,8.1,1005.799988,746.599976,3
71.300003,362.600006,189,0,164.899994,11.6,944.700012,755.799988,28
40.93,284,119.699997,0,168.300003,7.2,970.400024,794.200012,28
28.99,155.199997,183.899994,143.199997,193.800003,9.2,879.599976,698.5,28
39.84,162,207,172,216,10,822,638,28
43.380001,157,236,0,192,0,935.400024,781.200012,90
41.540001,264.5,111,86.5,195.5,5.9,832.599976,790.400024,28
24.92,250,0,95.699997,187.399994,5.5,956.900024,861.200012,14
24.9,212.100006,0,121.599998,180.300003,5.7,1057.599976,779.299988,28
60.290001,425,106.300003,0,153.5,16.5,852.099976,887.099976,28
39.060001,374.299988,0,0,190.199997,6.7,1013.200012,730.400024,28
35.75,359,19,141,154,10.9,942,801,7
58.799999,531.299988,0,0,141.800003,28.200001,852.099976,893.700012,56
60.290001,425,106.300003,0,153.5,16.5,852.099976,887.099976,28
40.599998,389.899994,189,0,145.899994,22,944.700012,755.799988,3
42.23,475,0,0,228,0,932,594,90
15.57,150.899994,0,183.899994,166.600006,11.6,991.200012,772.200012,28
26.74,302,0,0,203,0,974,817,180
13.52,331,0,0,192,0,879,825,3
33.310001,132,206.5,160.899994,178.899994,5.5,866.900024,735.599976,28
38.599998,214.899994,53.799999,121.900002,155.600006,9.6,1014.299988,780.599976,14
32.959999,149.5,236,0,175.800003,12.6,846.799988,892.700012,28
23.25,202,11,141,206,1.7,942,801,56
28.24,139.600006,209.399994,0,192,0,1047,806.900024,28
44.130001,500.100006,0,0,200,3,1124.400024,613.200012,28
64.900002,374,189.199997,0,170.100006,10.1,926.099976,756.700012,91
31.540001,230,0,118.300003,195.5,4.6,1029.400024,758.599976,56
52.52,380,0,0,228,0,932,670,365
40.060001,317.899994,0,126.5,209.699997,5.7,860.5,736.599976,28
11.41,200,133,0,192,0,965.400024,806.200012,3
37.27,194.699997,0,100.5,170.199997,7.5,998,901.799988,28
43.580002,251.399994,0,118.300003,188.5,5.8,1028.400024,757.700012,100
32.919998,307,0,0,193,0,968,812,90
55.900002,362.600006,189,0,164.899994,11.6,944.700012,755.799988,7
74.5,389.899994,189,0,145.899994,22,944.700012,755.799988,28
29.98,350,0,0,203,0,974,775,56
31.35,212,0,124.800003,159,7.8,1085.400024,799.5,14
19.01,152.699997,144.699997,0,178.100006,8,999.700012,822.200012,28
32.959999,149,236,0,176,13,847,893,28
17.540001,238,0,0,186,0,1119,789,28
10.35,122.599998,183.899994,0,203.5,0,958.200012,800.099976,7
25.1,313,0,0,178,8,1000,822,28
44.52,284,15,141,179,5.5,842,801,56
37.799999,475,118.800003,0,181.100006,8.9,852.099976,781.5,3
20.08,230,0,118.300003,195.5,4.6,1029.400024,758.599976,14
28.940001,133.100006,210.199997,0,195.699997,3.1,949.400024,795.299988,28
42.130001,349,0,0,192,0,1047,806,360
6.88,133,200,0,192,0,927.400024,839.200012,3
26.85,300,0,0,184,0,1075,795,28
32.720001,145.899994,230.5,0,202.5,3.4,827,871.799988,28
53.66,167.399994,129.899994,128.600006,175.5,7.8,1006.299988,746.599976,100
21.02,251.800003,0,99.900002,146.100006,12.4,1006,899.799988,3
53.689999,190,190,0,228,0,932,670,365
27.68,158.600006,148.899994,116,175.100006,15,953.299988,719.700012,28
29.219999,250,0,95.699997,187.399994,5.5,956.900024,861.200012,28
26.77,231.800003,0,121.599998,174,6.7,1056.400024,778.5,14
23.4,333,0,0,192,0,931.200012,842.599976,7
25.200001,318.799988,212.5,0,155.699997,14.3,852.099976,880.400024,3
38.610001,359,19,141,154,10.9,942,801,7
22.440001,281,0,0,186,0,1104,774,28
60.32,246.800003,0,125.099998,143.300003,12,1086.800049,800.900024,56
37.720001,332.5,142.5,0,228,0,932,594,90
26.200001,165,0,143.600006,163.800003,0,1005.599976,900.900024,28
24.1,337.899994,189,0,174.899994,9.5,944.700012,755.799988,3
37.27,218.899994,0,124.099998,158.5,11.3,1078.699951,794.900024,56
56.630001,214.899994,53.799999,121.900002,155.600006,9.6,1014.299988,780.599976,100
15.05,349,0,0,192,0,1047,806.900024,3
43.73,284,15,141,179,5.5,842,801,28
42.139999,288.399994,121,0,177.399994,7,907.900024,829.5,28
16.889999,157,236,0,192,0,935.400024,781.200012,7
66.779999,359,19,141,154,10.9,942,801,56
81.75,315,137,0,145,5.9,1130,745,28
27.74,393,0,0,192,0,940.599976,785.599976,7
23.85,436,0,0,218,0,838.400024,719.700012,28
59.59,491,26,123,210,3.9,882,699,56
52.82,280,129,100,172,9,825,805,28
34.57,480,0,0,192,0,936.200012,712.200012,7
50.700001,388.600006,97.099998,0,157.899994,12.1,852.099976,925.700012,28
27.940001,181.899994,272.799988,0,185.699997,0,1012.400024,714.299988,28
42.639999,298.100006,0,107,186.399994,6.1,879,815.200012,28
39.400002,160,128,122,182,6.4,824,879,28
12.46,155,0,143,193,9,1047,697,28
39.939999,295.700012,0,95.599998,171.5,8.9,955.099976,859.200012,28
38.889999,339,0,0,197,0,968,781,365
77.300003,362.600006,189,0,164.899994,11.6,944.700012,755.799988,56
38.07,198.600006,132.399994,0,192,0,978.400024,825.5,90
12.79,192,288,0,192,0,929.799988,716.099976,3
33.080002,397,0,0,185.699997,0,1040.599976,734.299988,28
55.939999,525,0,0,189,0,1125,613,28
46.639999,213.699997,0,174.699997,154.800003,10.2,1053.5,776.400024,56
21.6,181.399994,0,167,169.600006,7.6,1055.599976,777.799988,14
50.77,213.699997,98.099998,24.5,181.699997,6.9,1065.800049,785.400024,56
42.799999,313.299988,262.200012,0,175.5,8.6,1046.900024,611.799988,7
11.98,251.399994,0,118.300003,192.899994,5.8,1043.599976,754.299988,3
43.57,277,117,91,191,7,946,666,28
12.47,212.100006,0,121.599998,180.300003,5.7,1057.599976,779.299988,3
40.869999,355.899994,0,141.600006,193.300003,11,801.400024,778.400024,28
35.34,190.699997,0,125.400002,162.100006,7.8,1090,804,56
39.700001,228,342.100006,0,185.699997,0,955.799988,674.299988,28
6.94,173,116,0,192,0,946.799988,856.799988,3
28.02,198.600006,132.399994,0,192,0,978.400024,825.5,28
11.39,173,116,0,192,0,946.799988,856.799988,7
39.23,168,42.099998,163.800003,121.800003,5.7,1058.699951,780.099976,100
17.200001,193.5,290.200012,0,185.699997,0,998.200012,704.299988,7
79.300003,362.600006,189,0,164.899994,11.6,944.700012,755.799988,91
56.139999,342,38,0,228,0,932,670,365
11.65,289,0,0,192,0,913.200012,895.299988,3
14.5,281,0,0,186,0,1104,774,7
17.84,213.800003,98.099998,24.5,181.699997,6.7,1066,785.5,14
29.450001,222.399994,0,96.699997,189.300003,4.5,967.099976,870.299988,56
42.619999,475,0,0,228,0,932,594,180
36.639999,251.399994,0,118.300003,188.5,6.4,1028.400024,757.700012,56
13.18,213.800003,98.099998,24.5,181.699997,6.7,1066,785.5,3
25.57,289,0,0,192,0,913.200012,895.299988,28
41.299999,531.299988,0,0,141.800003,28.200001,852.099976,893.700012,3
45.299999,310,142.800003,0,167.899994,10,914.299988,804,28
19.35,250.199997,166.800003,0,203.5,0,977.599976,694.099976,7
46.23,218.899994,0,124.099998,158.5,11.3,1078.699951,794.900024,100
20.59,108.300003,162.399994,0,203.5,0,938.200012,849,28
74.190002,475,118.800003,0,181.100006,8.9,852.099976,781.5,91
44.639999,213.5,0,174.199997,159.199997,11.7,1043.599976,771.900024,28
13.2,144.800003,0,133.600006,180.800003,11.1,979.5,811.5,28
36.450001,339,0,0,197,0,968,781,180
32.040001,339,0,0,197,0,968,781,28
40.860001,349,0,0,192,0,1056,809,120
31.809999,167.399994,129.899994,128.600006,175.5,7.8,1006.299988,746.599976,14
76.239998,275,180,120,162,10.4,830,765,28
24.43,251.399994,0,118.300003,188.5,6.4,1028.400024,757.700012,14
33.700001,277,0,0,191,0,968,856,360
8.54,158,0,195,220,11,898,713,28
43.389999,194.699997,0,100.5,170.199997,7.5,998,901.799988,56
6.28,116,173,0,192,0,909.799988,891.900024,3
31.35,350,0,0,203,0,974,775,90
60.950001,252.300003,0,98.800003,146.300003,14.2,987.799988,889,100
21.65,296,0,0,192,0,1085,765,28
39.779999,332.5,142.5,0,228,0,932,594,180
72.989998,286.299988,200.899994,0,144.699997,11.2,1004.599976,803.700012,56
52.439999,313,161,0,178,10,917,759,28
19.01,153,145,0,178,8,1000,822,28
40.759998,380,95,0,228,0,932,594,180
23.74,146,173,0,182,3,986,817,28
32.400002,260.899994,100.5,78.300003,200.600006,8.6,864.5,761.5,28
39.380001,450.100006,50,0,200,3,1124.400024,613.200012,28
17.540001,325,0,0,184,0,1063,783,7
74.699997,323.700012,282.799988,0,183.800003,10.3,942.700012,659.900024,28
31.030001,133,210,0,196,3,949,795,28
28.299999,323.700012,282.799988,0,183.800003,10.3,942.700012,659.900024,3
78.800003,451,0,0,165,11.3,1030,745,28
55.650002,397,17.200001,158,167,20.799999,967,633,28
23.52,149,117.599998,91.699997,182.899994,7.1,953.400024,780.299988,28
43.380001,305.299988,203.5,0,203.5,0,965.400024,631,28
37.360001,155.600006,243.5,0,180.300003,10.7,1022,697.700012,28
16.879999,165,0,143.600006,163.800003,0,1005.599976,900.900024,14
47.099998,379.5,151.199997,0,153.899994,15.9,1134.300049,605,7
49.77,260,101,78,171,10,936,763,28
43.889999,480,0,0,192,0,936,721,28
55.900002,362.600006,189,0,164.899994,11.6,944.700012,755.799988,7
43.25,200,133,0,192,0,965.400024,806.200012,90
21.48,192,288,0,192,0,929.799988,716.099976,7
35.34,230,0,118.300003,195.5,4.6,1029.400024,758.599976,100
17.24,310,0,0,192,0,1012,830,7
67.309998,540,0,0,173,0,1125,613,28
15.34,218.899994,0,124.099998,158.5,11.3,1078.699951,794.900024,3
53.099998,380,0,0,228,0,932,670,180
39.32,192,288,0,192,0,929.799988,716.099976,28
48.970001,290.399994,0,96.199997,168.100006,9.4,961.200012,865,100
15.53,148.100006,0,182.100006,181.399994,15,838.900024,884.299988,28
57.23,475,0,59,142,1.9,1098,641,28
31.18,322.200012,0,115.599998,196,10.4,817.900024,813.400024,28
25.219999,295.799988,0,0,185.699997,0,1091.400024,769.299988,28
36.970001,251.399994,0,118.300003,188.5,5.8,1028.400024,757.700012,56
23.889999,167,187,195,185,7,898,636,28
35.299999,362.600006,189,0,164.899994,11.6,944.700012,755.799988,3
44.330002,334,17.6,158,189,15.3,967,633,28
28.629999,236.899994,91.699997,71.5,246.899994,6,852.900024,695.400024,28
44.029999,355,19,97,145,13.1,967,871,28
35.310001,160.199997,188,146.399994,203.199997,11.3,828.700012,709.700012,28
10.09,116,173,0,192,0,909.799988,891.900024,7
13.46,151,0,185,167,16,1074,678,28
29.790001,254,0,0,198,0,968,863,365
9.87,310,0,0,192,0,971,850.599976,3
46.93,190,190,0,228,0,932,670,180
39.580002,393,0,0,192,0,940,758,28
8,186.199997,124.099998,0,185.699997,0,1083.400024,764.299988,7
32.07,289,0,0,192,0,913.200012,895.299988,90
48.279999,277.100006,0,97.400002,160.600006,11.8,973.900024,875.599976,28
33.189999,122.599998,183.899994,0,203.5,0,958.200012,800.099976,90
47.779999,236,157,0,192,0,972.599976,749.099976,90
65.199997,425,106.300003,0,153.5,16.5,852.099976,887.099976,91
17.17,200,133,0,192,0,965.400024,806.200012,7
13.12,251.399994,0,118.300003,188.5,6.4,1028.400024,757.700012,3
15.42,143.600006,0,174.899994,158.399994,17.9,942.700012,844.5,28
42.130001,475,0,0,228,0,932,594,270
36.799999,313.299988,0,113,178.5,8,1001.900024,688.700012,28
40.869999,356,0,142,193,11,801,778,28
29.16,145,116,119,184,5.7,833,880,28
25.120001,359,19,141,154,10.9,942,801,3
44.869999,336.5,0,0,181.899994,3.4,985.799988,816.799988,28
44.860001,336,0,0,182,3,986,817,28
51.040001,277.100006,0,97.400002,160.600006,11.8,973.900024,875.599976,56
33.490002,491,26,123,210,3.9,882,699,7
22.35,116,173,0,192,0,909.799988,891.900024,28
35.080002,427.5,47.5,0,228,0,932,594,7
25.08,236,0,0,193,0,968,885,365
24.450001,222.399994,0,96.699997,189.300003,4.5,967.099976,870.299988,14
40.23,213.800003,98.099998,24.5,181.699997,6.7,1066,785.5,28
68.5,401.799988,94.699997,0,147.399994,11.4,946.799988,852.099976,28
21.75,302,0,0,203,0,974,817,28
26.23,153.100006,145,113,178.5,8,867.200012,824,28
21.92,228,342.100006,0,185.699997,0,955.799988,674.299988,7
13.57,236,157,0,192,0,972.599976,749.099976,3
77.300003,362.600006,189,0,164.899994,11.6,944.700012,755.799988,56
43.060001,376,0,0,214.600006,0,1003.5,762.400024,100
24.07,382.5,0,0,185.699997,0,1047.800049,739.299988,7
33.419998,303.600006,139.899994,0,213.5,6.2,895.5,722.5,28
52.299999,405,0,0,175,0,1120,695,28
26.049999,218.899994,0,124.099998,158.5,11.3,1078.699951,794.900024,14
22.9,362.600006,189,0,164.899994,11.6,944.700012,755.799988,7
31.870001,298,0,107,210,11,880,744,28
30.440001,200,133,0,192,0,965.400024,806.200012,28
64.900002,425,106.300003,0,151.399994,18.6,936,803.700012,56
23.639999,359,19,141,154,10.9,942,801,3
67.870003,250,180,95,159,9.5,860,800,28
64.900002,313.299988,262.200012,0,175.5,8.6,1046.900024,611.799988,56
79.300003,362.600006,189,0,164.899994,11.6,944.700012,755.799988,91
14.94,167.399994,129.899994,128.600006,175.5,7.8,1006.299988,746.599976,3
35.23,139.699997,163.899994,127.699997,236.699997,5.8,868.599976,655.599976,28
44.610001,141.899994,166.600006,129.699997,173.5,10.9,882.599976,785.299988,28
33.049999,157,214,152,200,9,819,704,28
32.759998,159,187,0,176,11,990,789,28
44.389999,313,145,0,178,8,867,824,28
69.660004,540,0,0,173,0,1125,613,90
31.27,182,45.200001,122,170.199997,8.2,1059.400024,780.700012,28
32.66,251.399994,0,118.300003,188.5,6.4,1028.400024,757.700012,28
22.49,381.399994,0,0,185.699997,0,1104.599976,784.299988,28
44.209999,251.399994,0,118.300003,188.5,6.4,1028.400024,757.700012,100
71.699997,439,177,0,186,11.1,884.900024,707.900024,56
53.299999,380,0,0,228,0,932,670,270
16.110001,288,192,0,192,0,932,717.799988,3
39.59,238.100006,0,94.099998,186.699997,7,949.900024,847,56
36.25,237.5,237.5,0,228,0,932,594,180
40.290001,424,22,132,168,8.9,822,750,7
39.16,178,129.800003,118.599998,179.899994,3.6,1007.299988,746.799988,28
34.669998,290.399994,0,96.199997,168.100006,9.4,961.200012,865,14
37.419998,382,0,0,185,0,1047,739,28
8.49,250,0,95.699997,191.800003,5.3,948.900024,857.200012,3
46.799999,425,106.300003,0,151.399994,18.6,936,803.700012,7
24.85,190.300003,0,125.199997,166.600006,9.9,1079,798.900024,28
10.34,238.100006,0,0,185.699997,0,1118.800049,789.299988,7
22.950001,295.700012,0,95.599998,171.5,8.9,955.099976,859.200012,3
15.03,212,141.300003,0,203.5,0,973.400024,750,7
23.799999,275.100006,0,121.400002,159.5,9.9,1053.599976,777.5,3
57.209999,321,164,0,190,5,870,774,28
33.400002,425,106.300003,0,153.5,16.5,852.099976,887.099976,3
42.029999,249.100006,0,98.800003,158.100006,12.8,987.799988,889,56
61.459999,387,20,94,157,11.6,938,845,56
25.42,239.600006,359.399994,0,185.699997,0,941.599976,664.299988,7
40.93,284,120,0,168,7,970,794,28
21.950001,236,0,0,194,0,968,885,90
35.299999,362.600006,189,0,164.899994,11.6,944.700012,755.799988,3
37.34,194.699997,0,100.5,165.600006,7.5,1006.400024,905.900024,100
27.68,159,149,116,175,15,953,720,28
39.380001,331,0,0,192,0,1025,821,120
56.610001,331,170,0,195,8,811,802,28
18.030001,164.600006,0,150.399994,181.600006,11.7,1023.299988,728.900024,28
45.709999,213.699997,98.099998,24.5,181.699997,6.9,1065.800049,785.400024,28
15.57,151,0,184,167,12,991,772,28
40.060001,318,0,126,210,6,861,737,28
39.360001,139.600006,209.399994,0,192,0,1047,806.900024,90
30.120001,304.799988,0,99.599998,196,9.8,959.400024,705.200012,28
34.900002,388.600006,97.099998,0,157.899994,12.1,852.099976,925.700012,7
45.700001,375,93.800003,0,126.599998,23.4,852.099976,992.599976,7
18.02,214.899994,53.799999,121.900002,155.600006,9.6,1014.299988,780.599976,3
14.99,310,0,0,192,0,970,850,7
41.16,250,0,95.699997,191.800003,5.3,948.900024,857.200012,100
24.280001,173,116,0,192,0,946.799988,856.799988,28
41.540001,265,111,86,195,6,833,790,28
39.639999,250,0,95.699997,191.800003,5.3,948.900024,857.200012,56
65.699997,424,22,132,178,8.5,822,750,56
33.400002,252.100006,97.099998,75.599998,193.800003,8.3,835.5,821.400024,28
59.889999,337.899994,189,0,174.899994,9.5,944.700012,755.799988,56
40.150002,213.699997,0,174.699997,154.800003,10.2,1053.5,776.400024,28
24.58,149,153,194,192,8,935,623,28
19.200001,393,0,0,192,0,940.599976,785.599976,3
31.35,229.699997,0,118.199997,195.199997,6.1,1028.099976,757.599976,56
27.870001,133,200,0,192,0,927.400024,839.200012,28
51.259998,213.5,0,174.199997,159.199997,11.7,1043.599976,771.900024,56
44.700001,139.600006,209.399994,0,192,0,1047,806.900024,360
33.610001,349,0,0,192,0,1056,809,28
26.91,238.199997,158.800003,0,185.699997,0,1040.599976,734.299988,28
31.120001,168.899994,42.200001,124.300003,158.300003,10.8,1080.800049,796.200012,28
47.709999,277.200012,97.800003,24.5,160.699997,11.2,1061.699951,782.5,14
14.8,295,0,0,185,0,1069,769,7
43.700001,427.5,47.5,0,228,0,932,594,365
52.009998,446,24,79,162,11.6,967,712,7
21.059999,190.699997,0,125.400002,162.100006,7.8,1090,804,14
66.599998,313.299988,262.200012,0,175.5,8.6,1046.900024,611.799988,91
32.900002,167,75.400002,167,164,7.9,1007.299988,770.099976,14
62.049999,424,22,132,178,8.5,822,750,28
45.369999,251.800003,0,99.900002,146.100006,12.4,1006,899.799988,100
24.389999,480,0,0,192,0,936,721,3
4.57,102,153,0,192,0,887,942,3
15.52,148,0,182,181,15,839,884,28
28.629999,237,92,71,247,6,853,695,28
48.790001,393,0,0,192,0,940,758,90
54.279999,480,0,0,192,0,936,721,90
33.419998,304,140,0,214,6,895,722,28
26.139999,144,136,106,178,7,941,774,28
22.75,387,20,94,157,14.3,938,845,3
41.049999,349,0,0,192,0,1047,806,180
41.240002,331,0,0,192,0,978,825,360
56.5,379.5,151.199997,0,153.899994,15.9,1134.300049,605,91
37.810001,210.699997,316.100006,0,185.699997,0,977,689.299988,28
26.969999,136,196,98,199,6,847,783,28
13.2,145,0,134,181,11,979,812,28
36.299999,376,0,0,214.600006,0,1003.5,762.400024,56
26.860001,152.600006,238.699997,0,200,6.3,1001.799988,683.900024,28